"DESCRIPTION","DURATION IN MS","NAME","PARENT SUITE","START TIME","STATUS","STOP TIME","SUB SUITE","SUITE","TEST CLASS","TEST METHOD"
"","3100","creating a repo with a duplicate name returns 422","api","Fri May 08 13:33:47 UTC 2026","passed","Fri May 08 13:33:50 UTC 2026","GitHub REST API edge cases","","",""
"","6953","repo, issue, and label are visible in the browser","gui","Fri May 08 13:33:47 UTC 2026","passed","Fri May 08 13:33:54 UTC 2026","GitHub UI: validates state created via the REST API","","",""
"","4561","creates a repository, adds an issue with a label, and cleans up","api","Fri May 08 13:33:56 UTC 2026","passed","Fri May 08 13:34:00 UTC 2026","GitHub REST API: repo to issue to label and then to cleanup","","",""
"","91","creating an issue on a non-existent repo returns 404","api","Fri May 08 13:33:50 UTC 2026","passed","Fri May 08 13:33:50 UTC 2026","GitHub REST API edge cases","","",""
"","2551","deleting an already-deleted repo returns 404","api","Fri May 08 13:33:50 UTC 2026","passed","Fri May 08 13:33:53 UTC 2026","GitHub REST API edge cases","","",""
"","0","missing scope on add-label is covered by a scoped token (out of scope for this suite)","api","Fri May 08 13:33:56 UTC 2026","skipped","Fri May 08 13:33:56 UTC 2026","GitHub REST API edge cases","","",""
"","3990","deleted repository surfaces the GitHub 404 page","gui","Fri May 08 13:33:54 UTC 2026","passed","Fri May 08 13:33:58 UTC 2026","GitHub UI: validates state created via the REST API","","",""
"","35","unauthenticated /user/repos POST returns 401","api","Fri May 08 13:33:56 UTC 2026","passed","Fri May 08 13:33:56 UTC 2026","GitHub REST API edge cases > without auth headers","","",""
"","2833","creating a label with an empty name returns 422","api","Fri May 08 13:33:53 UTC 2026","passed","Fri May 08 13:33:56 UTC 2026","GitHub REST API edge cases","","",""
